Position,Event Name,Event Date & Time,Event Location,Price,Organizer,Followers,Event Link,Event Image,Image Description
1,Industry Innovation Series | Smart Farming Tech Transforming Agriculture,"Tue, 1 July, 5:00 PM",Digital Innovation Hub at La Trobe University,Free,La Trobe Industry,231 followers,https://www.eventbrite.com.au/e/industry-innovation-series-smart-farming-tech-transforming-agriculture-tickets-1317059152379?aff=ebdssbdestsearch,https://img.evbuc.com/https%3A%2F%2Fcdn.evbuc.com%2Fimages%2F1046275423%2F722047235273%2F1%2Foriginal.20250605-013309?h=230&w=460&auto=format%2Ccompress&q=75&sharp=10&rect=0%2C0%2C7500%2C3750&s=bb982b6118c0355325e9894aeee6dce8,Industry Innovation Series | Smart Farming Tech Transforming Agriculture primary image
2,"Airport West VIC - NDIS Collaboration, Networking & Knowledge Exchange","Wed, 13 Aug, 5:00 PM",Skyways Hotel,From $0.00,Wise Healthcare,285 followers,https://www.eventbrite.com.au/e/airport-west-vic-ndis-collaboration-networking-knowledge-exchange-tickets-1217257282299?aff=ebdssbdestsearch,https://img.evbuc.com/https%3A%2F%2Fcdn.evbuc.com%2Fimages%2F917973883%2F2287970783233%2F1%2Foriginal.20241216-051827?crop=focalpoint&fit=crop&h=230&w=460&auto=format%2Ccompress&q=75&sharp=10&fp-x=0.5&fp-y=0.5&s=3ffd63b2eb2bec9357d728d7f7529f6d,"Airport West VIC - NDIS Collaboration, Networking & Knowledge Exchange primary image"
3,FaithTech Melbourne - June Meetup,"Wed, 18 June, 6:30 PM",The Prodigal Hub (St Columbs),From $0.00,FaithTech,2.1k followers,https://www.eventbrite.com/e/faithtech-melbourne-june-meetup-tickets-1316061919629?aff=ebdssbdestsearch,https://img.evbuc.com/https%3A%2F%2Fcdn.evbuc.com%2Fimages%2F1036549163%2F2455578566021%2F1%2Foriginal.20250522-074644?crop=focalpoint&fit=crop&w=512&auto=format%2Ccompress&q=75&sharp=10&fp-x=0.736742424242&fp-y=0.481412639405&s=74c60ec61a03847f0b96b43dfc0c7b88,FaithTech Melbourne - June Meetup primary image
4,Certified Blockchain Associate | Melbourne,"Tue, 24 June, 3:00 pm + 9 more",Melbourne,From $599.00,Blockchain Smart Solutions,262 followers,https://www.eventbrite.com.au/e/certified-blockchain-associate-melbourne-tickets-337037206357?aff=ebdssbdestsearch,https://img.evbuc.com/https%3A%2F%2Fcdn.evbuc.com%2Fimages%2F281753829%2F952210770403%2F1%2Foriginal.20220510-024337?w=512&auto=format%2Ccompress&q=75&sharp=10&rect=0%2C0%2C1200%2C600&s=5768010f9df2fe7910213d3de49e95b3,Certified Blockchain Associate | Melbourne primary image
5,"IT Social Melbourne | Data, Technology, Cybersecurity, IT",Friday at 5:30 PM + 27 more,215 Queen's Restaurant and Bar,From $6.61,IT Social Melbourne,179 followers,https://www.eventbrite.com.au/e/it-social-melbourne-data-technology-cybersecurity-it-tickets-951030647267?aff=ebdssbdestsearch,https://img.evbuc.com/https%3A%2F%2Fcdn.evbuc.com%2Fimages%2F733446709%2F188149727845%2F1%2Foriginal.20240402-085552?w=512&auto=format%2Ccompress&q=75&sharp=10&rect=0%2C432%2C4032%2C2016&s=c38a8080747ef371504494f973e6cf47,"IT Social Melbourne | Data, Technology, Cybersecurity, IT primary image"
6,Technology Leaders Forum  - The Future and the Now,"Thu, 31 July, 5:00 PM",The Cluster,Free,,,https://www.eventbrite.com.au/e/technology-leaders-forum-the-future-and-the-now-tickets-1393572646299?aff=ebdssbdestsearch,https://img.evbuc.com/https%3A%2F%2Fcdn.evbuc.com%2Fimages%2F1044446093%2F2790606982661%2F1%2Foriginal.png?w=512&auto=format%2Ccompress&q=75&sharp=10&rect=0%2C0%2C940%2C470&s=33f59bfb745ce9dfbfe49227a01d0a48,Technology Leaders Forum  - The Future and the Now primary image
7,Leveraging Robotics for Success | Melbourne,"Tue, 17 June, 3:00 pm + 15 more",Melbourne,From $699.00,Rapid Skill Up,33 followers,https://www.eventbrite.com.au/e/leveraging-robotics-for-success-melbourne-tickets-1052301701717?aff=ebdssbdestsearch,https://img.evbuc.com/https%3A%2F%2Fcdn.evbuc.com%2Fimages%2F1021433243%2F2314829094503%2F1%2Foriginal.20250501-230032?crop=focalpoint&fit=crop&w=480&auto=format%2Ccompress&q=75&sharp=10&fp-x=0.00503787878788&fp-y=0.00492537313433&s=8fd674a6f9cf3a7f125ff726d8325636,Leveraging Robotics for Success | Melbourne primary image
8,The Cutting Edge,Friday at 9:00 AM,Melbourne Convention and Exhibition Centre (MCEC),Free,,,https://www.eventbrite.com.au/e/the-cutting-edge-tickets-1307739787909?aff=ebdssbdestsearch,https://img.evbuc.com/https%3A%2F%2Fcdn.evbuc.com%2Fimages%2F998414173%2F2705625074471%2F1%2Foriginal.20250401-233533?crop=focalpoint&fit=crop&w=512&auto=format%2Ccompress&q=75&sharp=10&fp-x=0.177606177606&fp-y=0.533701649028&s=e4dc26d0f3fa2e5f08b87cc5b4c1752f,The Cutting Edge primary image
9,AI Implementation in Business | Melbourne,"Tue, 24 June, 3:00 pm + 15 more",Melbourne,From $699.00,Rapid Skill Up,33 followers,https://www.eventbrite.com.au/e/ai-implementation-in-business-melbourne-tickets-1027633237677?aff=ebdssbdestsearch,https://img.evbuc.com/https%3A%2F%2Fcdn.evbuc.com%2Fimages%2F1021430903%2F2314829094503%2F1%2Foriginal.20250501-225549?crop=focalpoint&fit=crop&w=512&auto=format%2Ccompress&q=75&sharp=10&fp-x=0.005&fp-y=0.00507434944238&s=6fdc7d2138c79b75e0b5d222be69363e,AI Implementation in Business | Melbourne primary image
10,TECHSPO Melbourne 2025 Technology Expo (Internet ~ AdTech ~ MarTech),"Tue, 19 Aug, 9:00 AM",Melbourne Cricket Ground,From $0.00,TECHSPO Technology Expo Global Series,4.5k followers,https://www.eventbrite.com/e/techspo-melbourne-2025-technology-expo-internet-adtech-martech-tickets-1002112975887?aff=ebdssbdestsearch,https://img.evbuc.com/https%3A%2F%2Fcdn.evbuc.com%2Fimages%2F879404629%2F167645577512%2F1%2Foriginal.20241021-054710?crop=focalpoint&fit=crop&w=512&auto=format%2Ccompress&q=75&sharp=10&fp-x=0.005&fp-y=0.005&s=e54004b8774fab9ae066a5d8bfe636b6,TECHSPO Melbourne 2025 Technology Expo (Internet ~ AdTech ~ MarTech) primary image
11,Unlocking AI: Fundamentals for Newcomers,"Mon, 16 June, 1:30 pm + 6 more",Holden Street Neighbourhood House,From $115.00,,,https://www.eventbrite.com.au/e/unlocking-ai-fundamentals-for-newcomers-registration-1258906847269?aff=ebdssbdestsearch,https://img.evbuc.com/https%3A%2F%2Fcdn.evbuc.com%2Fimages%2F968424493%2F160708986908%2F1%2Foriginal.20250224-230804?w=480&auto=format%2Ccompress&q=75&sharp=10&rect=0%2C0%2C480%2C240&s=067c28dd45c09fd1642c33c22c1ad1e1,Unlocking AI: Fundamentals for Newcomers primary image
12,Reliable Machine Learning from Imperfect Supervision,"Wed, 2 July, 10:30 AM","Melbourne Connect - Manhari Room, Level 7",Free,Melbourne Connect,1.1k followers,https://www.eventbrite.com.au/e/reliable-machine-learning-from-imperfect-supervision-tickets-1320710182709?aff=ebdssbdestsearch,https://img.evbuc.com/https%3A%2F%2Fcdn.evbuc.com%2Fimages%2F1006452533%2F102506216627%2F1%2Foriginal.20250411-021130?w=512&auto=format%2Ccompress&q=75&sharp=10&rect=0%2C60%2C1920%2C960&s=08a523e0375b64d507472e2636b6992f,Reliable Machine Learning from Imperfect Supervision primary image
13,AI and Automation In Business​,"Tue, 29 July, 9:00 AM",Melbourne Marriott Hotel Docklands,From $396.26,Erudite Training Solutions,130 followers,https://www.eventbrite.com.au/e/ai-and-automation-in-business-tickets-1323201544439?aff=ebdssbdestsearch,https://img.evbuc.com/https%3A%2F%2Fcdn.evbuc.com%2Fimages%2F1022395303%2F481309396557%2F1%2Foriginal.20250503-090307?crop=focalpoint&fit=crop&w=512&auto=format%2Ccompress&q=75&sharp=10&fp-x=0.5&fp-y=0.5&s=bafd3dfe98204a4c380aac8ccf402524,AI and Automation In Business​ primary image
14,Unlocking User Needs in Medtech,"Fri, 20 June, 2:00 PM","Room G.07, Sidney Myer Asia Centre: Building 158",From $33.00,Victorian Medtech Skills and Devices Hub,97 followers,https://www.eventbrite.com/e/unlocking-user-needs-in-medtech-tickets-1326066463489?aff=ebdssbdestsearch,https://img.evbuc.com/https%3A%2F%2Fcdn.evbuc.com%2Fimages%2F1023940853%2F1757196389633%2F1%2Foriginal.20250506-004143?crop=focalpoint&fit=crop&w=512&auto=format%2Ccompress&q=75&sharp=10&fp-x=0.506628787879&fp-y=0.501865671642&s=9af52f9c3095cb325ad78ff4ef4ae67a,Unlocking User Needs in Medtech primary image
15,Industry Innovation Series | Smart Farming Tech Transforming Agriculture,"Tue, 1 July, 5:00 PM",Digital Innovation Hub at La Trobe University,Free,La Trobe Industry,231 followers,https://www.eventbrite.com.au/e/industry-innovation-series-smart-farming-tech-transforming-agriculture-tickets-1317059152379?aff=ebdssbdestsearch,https://img.evbuc.com/https%3A%2F%2Fcdn.evbuc.com%2Fimages%2F1046275423%2F722047235273%2F1%2Foriginal.20250605-013309?w=512&auto=format%2Ccompress&q=75&sharp=10&rect=0%2C0%2C7500%2C3750&s=cc8237b4be2eb9aeb681076643f2b039,Industry Innovation Series | Smart Farming Tech Transforming Agriculture primary image
16,Electrify Southside Expo,"Sun, 22 June, 10:00 AM",St Kilda Town Hall,From $0.00,Electrify Southside and City of Port Phillip,16 followers,https://www.eventbrite.com/e/electrify-southside-expo-tickets-1281830422299?aff=ebdssbdestsearch,https://img.evbuc.com/https%3A%2F%2Fcdn.evbuc.com%2Fimages%2F988227413%2F2677595793391%2F1%2Foriginal.20250320-032008?crop=focalpoint&fit=crop&auto=format%2Ccompress&q=75&sharp=10&fp-x=0.462121212121&fp-y=0.285234899329&s=ee6ad3a1d71a826a95da4f156eb3fee6,Electrify Southside Expo primary image
17,Edunet Education Technology Expo 2025,"Fri, 20 June, 10:00 AM",Patterson River Secondary College,Free,Edunet Computer Services,19 followers,https://www.eventbrite.com.au/e/edunet-education-technology-expo-2025-tickets-1290222473149?aff=ebdssbdestsearch,https://img.evbuc.com/https%3A%2F%2Fcdn.evbuc.com%2Fimages%2F985809743%2F1158924387163%2F1%2Foriginal.20250317-182110?w=400&auto=format%2Ccompress&q=75&sharp=10&s=2b23d2238027d014b6788ffcf867dd8f,Edunet Education Technology Expo 2025 primary image
18,Device Advice (Williamstown),"Thu, 10 July, 10:00 am + 2 more",Williamstown Library,Free,Hobsons Bay Libraries,1k followers,https://www.eventbrite.com.au/e/device-advice-williamstown-tickets-863422478877?aff=ebdssbdestsearch,https://img.evbuc.com/https%3A%2F%2Fcdn.evbuc.com%2Fimages%2F720077089%2F418661600387%2F1%2Foriginal.20240315-040552?w=512&auto=format%2Ccompress&q=75&sharp=10&rect=0%2C148%2C5208%2C2604&s=3e46bdd30c478909e60c03ea377fba72,Device Advice (Williamstown) primary image
19,Generative AI for Society and Workplace | Melbourne,"Tue, 1 July, 3:00 pm + 20 more",Melbourne,From $699.00,Rapid Skill Up,33 followers,https://www.eventbrite.com.au/e/generative-ai-for-society-and-workplace-melbourne-tickets-1147867816539?aff=ebdssbdestsearch,https://img.evbuc.com/https%3A%2F%2Fcdn.evbuc.com%2Fimages%2F1021434263%2F2314829094503%2F1%2Foriginal.20250501-230157?crop=focalpoint&fit=crop&w=512&auto=format%2Ccompress&q=75&sharp=10&fp-x=0.00498106060606&fp-y=0.00503717472119&s=a3f1454472d552b6ccbe73663922b307,Generative AI for Society and Workplace | Melbourne primary image
20,"Monthly  Startup, Tech & Business Networking Melbourne","Fri, 27 June, 6:00 pm + 1 more",The National Hotel,From $0.00,Startup Valley,8.6k followers,https://www.eventbrite.com/e/monthly-startup-tech-business-networking-melbourne-tickets-1371585993629?aff=ebdssbdestsearch,https://img.evbuc.com/https%3A%2F%2Fcdn.evbuc.com%2Fimages%2F960595103%2F2171032696763%2F1%2Foriginal.20250214-042502?crop=focalpoint&fit=crop&w=512&auto=format%2Ccompress&q=75&sharp=10&fp-x=5.11362480395e-06&fp-y=2.26368121247e-05&s=903289d21dd2ba93ca137e99060bd523,"Monthly  Startup, Tech & Business Networking Melbourne primary image"
21,rTMS in Depression: Practical Workshop - Melbourne,"Sat, 28 June, 2:00 PM",neurocare Hawthorn,From $580.00,neurocare Australia,136 followers,https://www.eventbrite.com.au/e/rtms-in-depression-practical-workshop-melbourne-tickets-1002153727777?aff=ebdssbdestsearch,https://img.evbuc.com/https%3A%2F%2Fcdn.evbuc.com%2Fimages%2F824962319%2F785019325723%2F1%2Foriginal.20240812-031153?w=512&auto=format%2Ccompress&q=75&sharp=10&rect=0%2C0%2C940%2C470&s=03f3abd0318d30ffe45228f3e17c8653,rTMS in Depression: Practical Workshop - Melbourne primary image
22,2025 EVNT Conference,Saturday at 8:00 AM,Arrow On Swanston,From $70.00,Exotic Veterinary Nurse Training,412 followers,https://www.eventbrite.com.au/e/2025-evnt-conference-tickets-923363995567?aff=ebdssbdestsearch,https://img.evbuc.com/https%3A%2F%2Fcdn.evbuc.com%2Fimages%2F787020509%2F444011708624%2F1%2Foriginal.20240611-013639?w=512&auto=format%2Ccompress&q=75&sharp=10&rect=0%2C363%2C1150%2C575&s=aed2ee5e38406422f234789e9fc5c870,2025 EVNT Conference primary image
23,Industry Innovation Series | Smart Farming Tech Transforming Agriculture,"Tue, 1 July, 5:00 PM",Digital Innovation Hub at La Trobe University,Free,La Trobe Industry,231 followers,https://www.eventbrite.com.au/e/industry-innovation-series-smart-farming-tech-transforming-agriculture-tickets-1317059152379?aff=ebdssbdestsearch,https://img.evbuc.com/https%3A%2F%2Fcdn.evbuc.com%2Fimages%2F1046275423%2F722047235273%2F1%2Foriginal.20250605-013309?h=230&w=460&auto=format%2Ccompress&q=75&sharp=10&rect=0%2C0%2C7500%2C3750&s=bb982b6118c0355325e9894aeee6dce8,Industry Innovation Series | Smart Farming Tech Transforming Agriculture primary image
24,"Airport West VIC - NDIS Collaboration, Networking & Knowledge Exchange","Wed, 13 Aug, 5:00 PM",Skyways Hotel,From $0.00,Wise Healthcare,285 followers,https://www.eventbrite.com.au/e/airport-west-vic-ndis-collaboration-networking-knowledge-exchange-tickets-1217257282299?aff=ebdssbdestsearch,https://img.evbuc.com/https%3A%2F%2Fcdn.evbuc.com%2Fimages%2F917973883%2F2287970783233%2F1%2Foriginal.20241216-051827?crop=focalpoint&fit=crop&h=230&w=460&auto=format%2Ccompress&q=75&sharp=10&fp-x=0.5&fp-y=0.5&s=3ffd63b2eb2bec9357d728d7f7529f6d,"Airport West VIC - NDIS Collaboration, Networking & Knowledge Exchange primary image"
25,"Data+AI Conference 2025 Igniting Innovation, Empowering Careers","Fri, 11 July, 9:00 AM",Victoria University - City Queen Campus,From $53.19,Global Institute of Artificial Intelligence,261 followers,https://www.eventbrite.com.au/e/dataai-conference-2025-igniting-innovation-empowering-careers-tickets-1395586329279?aff=ebdssbdestsearch,https://img.evbuc.com/https%3A%2F%2Fcdn.evbuc.com%2Fimages%2F1045399723%2F2194673038833%2F1%2Foriginal.20250604-022509?crop=focalpoint&fit=crop&w=512&auto=format%2Ccompress&q=75&sharp=10&fp-x=0.5&fp-y=0.5&s=16edfd71fc6f4cd280925dec624f1f97,"Data+AI Conference 2025 Igniting Innovation, Empowering Careers primary image"
26,Young IT Professionals in Melbourne Social,Friday at 5:30 PM + 27 more,215 Queen's Restaurant and Bar,From $6.61,IT Social Melbourne,179 followers,https://www.eventbrite.com.au/e/young-it-professionals-in-melbourne-social-tickets-951030446667?aff=ebdssbdestsearch,https://img.evbuc.com/https%3A%2F%2Fcdn.evbuc.com%2Fimages%2F782401159%2F188149727845%2F1%2Foriginal.20240604-053843?w=512&auto=format%2Ccompress&q=75&sharp=10&rect=0%2C25%2C600%2C300&s=711dfd45a57b5cf46a3d4435fecd42cb,Young IT Professionals in Melbourne Social primary image
27,An Introduction to tDCS: Practical Workshop - Melbourne,"Sat, 28 June, 11:00 AM",neurocare clinics East Melbourne,From $297.00,neurocare Australia,136 followers,https://www.eventbrite.com.au/e/an-introduction-to-tdcs-practical-workshop-melbourne-tickets-1291158683379?aff=ebdssbdestsearch,https://img.evbuc.com/https%3A%2F%2Fcdn.evbuc.com%2Fimages%2F987127323%2F490282747375%2F1%2Foriginal.20250318-232452?w=512&auto=format%2Ccompress&q=75&sharp=10&rect=0%2C84%2C1100%2C550&s=8c87c7fcd5699630cbf7f629f4ec8758,An Introduction to tDCS: Practical Workshop - Melbourne primary image
28,Harnessing AI for Marketing Innovation | Melbourne,Tomorrow at 3:00 PM + 15 more,Melbourne,From $699.00,Rapid Skill Up,33 followers,https://www.eventbrite.com.au/e/harnessing-ai-for-marketing-innovation-melbourne-tickets-1052300297517?aff=ebdssbdestsearch,https://img.evbuc.com/https%3A%2F%2Fcdn.evbuc.com%2Fimages%2F1021432253%2F2314829094503%2F1%2Foriginal.20250501-225844?w=400&auto=format%2Ccompress&q=75&sharp=10&s=fa653e7f9d5e9d18d08389ba3f3975d3,Harnessing AI for Marketing Innovation | Melbourne primary image
29,ClimateTech & AgTech Pitch Night,"Tue, 24 June, 6:00 PM",The Commons Gipps St,From $11.73,The Startup Network,3.9k followers,https://www.eventbrite.com.au/e/climatetech-agtech-pitch-night-tickets-1088682250919?aff=ebdssbdestsearch,https://img.evbuc.com/https%3A%2F%2Fcdn.evbuc.com%2Fimages%2F991881263%2F198884491846%2F1%2Foriginal.20250325-044216?w=512&auto=format%2Ccompress&q=75&sharp=10&rect=0%2C0%2C2160%2C1080&s=c328fa62d271d2f7514c137affe480ab,ClimateTech & AgTech Pitch Night primary image
30,Device Advice - Fairfield Library,"Thu, 26 June, 3:30 pm + 7 more",Fairfield Library,Free,Darebin Libraries,2.9k followers,https://www.eventbrite.com.au/e/device-advice-fairfield-library-registration-394153492707?aff=ebdssbdestsearch,https://img.evbuc.com/https%3A%2F%2Fcdn.evbuc.com%2Fimages%2F394167859%2F29101596107%2F1%2Foriginal.20221115-223123?w=512&auto=format%2Ccompress&q=75&sharp=10&rect=0%2C0%2C2160%2C1080&s=b68e29d9358eff933d034709c96c03c7,Device Advice - Fairfield Library primary image
31,Masterclass in Postural Support: Complex Seating & Lying (MEL),"Tue, 24 June, 9:00 AM",Hyatt Place Melbourne Essendon Fields,From $399.00,Medifab's Professional Development Academy,149 followers,https://www.eventbrite.co.nz/e/masterclass-in-postural-support-complex-seating-lying-mel-tickets-1232048292609?aff=ebdssbdestsearch,https://img.evbuc.com/https%3A%2F%2Fcdn.evbuc.com%2Fimages%2F983356903%2F50353756110%2F1%2Foriginal.20250313-214024?w=400&auto=format%2Ccompress&q=75&sharp=10&s=2d2261b28fd08e7d05f44c024959acb7,Masterclass in Postural Support: Complex Seating & Lying (MEL) primary image
32,Australia Wind Energy 2025,"Thu, 17 July, 9:00 AM",Melbourne Convention and Exhibition Centre (MCEC),From $0.00,Leader Associates,10 followers,https://www.eventbrite.sg/e/australia-wind-energy-2025-tickets-1095037910869?aff=ebdssbdestsearch,https://img.evbuc.com/https%3A%2F%2Fcdn.evbuc.com%2Fimages%2F905794073%2F285872208091%2F1%2Foriginal.20241125-084921?crop=focalpoint&fit=crop&w=512&auto=format%2Ccompress&q=75&sharp=10&fp-x=0.130681818182&fp-y=0.755813953488&s=43fd1ba224f6f6a28bb86d93cd63916b,Australia Wind Energy 2025 primary image
33,EQUATE '25,"Wed, 23 July, 10:30 am + 1 more",Flemington Racecourse,From $82.43,,,https://www.eventbrite.com.au/e/equate-25-tickets-1210334235279?aff=ebdssbdestsearch,https://img.evbuc.com/https%3A%2F%2Fcdn.evbuc.com%2Fimages%2F962113233%2F1974782957983%2F1%2Foriginal.20250217-024831?w=512&auto=format%2Ccompress&q=75&sharp=10&rect=0%2C44%2C1600%2C800&s=bd0792bb6cf45ea515acdef64558c327,EQUATE '25 primary image
34,Data Science & Analytics meetup and chat Melbourne,Friday at 5:30 PM + 27 more,215 Queen's Restaurant and Bar,From $6.61,IT Social Melbourne,179 followers,https://www.eventbrite.com.au/e/data-science-analytics-meetup-and-chat-melbourne-tickets-951030536937?aff=ebdssbdestsearch,https://img.evbuc.com/https%3A%2F%2Fcdn.evbuc.com%2Fimages%2F759389939%2F188149727845%2F1%2Foriginal.20240504-050913?w=512&auto=format%2Ccompress&q=75&sharp=10&rect=0%2C19%2C600%2C300&s=9bf3e6c76fb952fe3e91a0ebd87f6246,Data Science & Analytics meetup and chat Melbourne primary image
35,Launch Your Own Successful AI App | AI Startup | Workshop 2025,Tomorrow at 1:00 PM + 2 more,Regus Office,From $209.89,Blueqix,1.4k followers,https://www.eventbrite.com/e/launch-your-own-successful-ai-app-ai-startup-workshop-2025-tickets-892931420917?aff=ebdssbdestsearch,https://img.evbuc.com/https%3A%2F%2Fcdn.evbuc.com%2Fimages%2F754143629%2F975057858293%2F1%2Foriginal.20240428-080247?w=512&auto=format%2Ccompress&q=75&sharp=10&rect=0%2C0%2C1280%2C640&s=5c47a834065dbf9cd6c9841dc240af5b,Launch Your Own Successful AI App | AI Startup | Workshop 2025 primary image
36,​Connecting Hydrogen APAC 2025,"Thu, 17 July, 9:00 AM",Melbourne Convention and Exhibition Centre (MCEC),"From $2,150.00",Leader Associates,10 followers,https://www.eventbrite.sg/e/connecting-hydrogen-apac-2025-tickets-1083791001059?aff=ebdssbdestsearch,https://img.evbuc.com/https%3A%2F%2Fcdn.evbuc.com%2Fimages%2F899591873%2F285872208091%2F1%2Foriginal.20241115-050904?crop=focalpoint&fit=crop&w=512&auto=format%2Ccompress&q=75&sharp=10&fp-x=0.702651515152&fp-y=0.59691011236&s=de3a6a4b0540024685ca9ef6dbea6976,​Connecting Hydrogen APAC 2025 primary image
37,2025 Literacy for All Intensive Course,"Mon, 7 July, 9:00 AM",Glenroy Specialist School,"From $1,950.00",Jane Farrall Consulting,97 followers,https://www.eventbrite.com.au/e/2025-literacy-for-all-intensive-course-tickets-1078018033959?aff=ebdssbdestsearch,https://img.evbuc.com/https%3A%2F%2Fcdn.evbuc.com%2Fimages%2F895381103%2F194247722080%2F1%2Foriginal.20241109-112411?w=512&auto=format%2Ccompress&q=75&sharp=10&rect=76%2C0%2C1848%2C924&s=be7c2bdfbcda4a658585a9d939e58e2a,2025 Literacy for All Intensive Course primary image
38,Supporting Learners with CVI and Complex Physical Disabilities,"Fri, 25 July, 9:00 AM",Cerebral Palsy Education Centre,From $416.23,CPEC Events,227 followers,https://www.eventbrite.com.au/e/supporting-learners-with-cvi-and-complex-physical-disabilities-tickets-1311303968469?aff=ebdssbdestsearch,https://img.evbuc.com/https%3A%2F%2Fcdn.evbuc.com%2Fimages%2F1043635973%2F206747516408%2F1%2Foriginal.20250602-071442?w=512&auto=format%2Ccompress&q=75&sharp=10&rect=0%2C49%2C1002%2C501&s=737c4716a3d7e85483730cdf65519877,Supporting Learners with CVI and Complex Physical Disabilities primary image
39,Carbon Capture APAC Summit 2025,"Thu, 17 July, 9:00 AM",Melbourne Convention and Exhibition Centre (MCEC),"From $2,150.00",Leader Associates,10 followers,https://www.eventbrite.sg/e/carbon-capture-apac-summit-2025-tickets-1106870713099?aff=ebdssbdestsearch,https://img.evbuc.com/https%3A%2F%2Fcdn.evbuc.com%2Fimages%2F912721263%2F285872208091%2F1%2Foriginal.20241206-053923?crop=focalpoint&fit=crop&w=512&auto=format%2Ccompress&q=75&sharp=10&fp-x=0.0909090909091&fp-y=0.360465116279&s=70250f41f88ae28bff5064dae95f88a7,Carbon Capture APAC Summit 2025 primary image
40,Device Advice (Newport),"Thu, 24 July, 10:00 am + 2 more",Newport Community Hub,Free,Hobsons Bay Libraries,1k followers,https://www.eventbrite.com.au/e/device-advice-newport-tickets-1113370123009?aff=ebdssbdestsearch,https://img.evbuc.com/https%3A%2F%2Fcdn.evbuc.com%2Fimages%2F720091189%2F418661600387%2F1%2Foriginal.20240315-044922?w=512&auto=format%2Ccompress&q=75&sharp=10&rect=0%2C70%2C5208%2C2604&s=a53172f35377aeb3fe2d9639017814c9,Device Advice (Newport) primary image
41,Tech Term,"Wed, 10 Sept, 4:00 pm",Preston Library,Free,Darebin Libraries,2.9k followers,https://www.eventbrite.com.au/e/tech-term-tickets-1388975355679?aff=ebdssbdestsearch,https://img.evbuc.com/https%3A%2F%2Fcdn.evbuc.com%2Fimages%2F1042137813%2F29101596107%2F1%2Foriginal.20250530-061211?w=512&auto=format%2Ccompress&q=75&sharp=10&rect=0%2C0%2C2160%2C1080&s=189ee6b48d037d6314d43e28e4e289ec,Tech Term primary image
42,DevSecOps Focal Point Forum 2025 | 29 - 30 July 2025 | Melbourne Australia,"Tue, 29 July, 9:00 AM",Melbourne Marriott Hotel Docklands,From $396.26,Erudite Training Solutions,130 followers,https://www.eventbrite.com.au/e/devsecops-focal-point-forum-2025-29-30-july-2025-melbourne-australia-tickets-1143819507939?aff=ebdssbdestsearch,https://img.evbuc.com/https%3A%2F%2Fcdn.evbuc.com%2Fimages%2F1022395773%2F481309396557%2F1%2Foriginal.20250503-090624?w=400&auto=format%2Ccompress&q=75&sharp=10&s=3ae304e52933dffec9bf2279fda84e40,DevSecOps Focal Point Forum 2025 | 29 - 30 July 2025 | Melbourne Australia primary image
43,Quantum Sensing: The diamond age of quantum biotechnology,"Fri, 11 July, 6:00 PM","Glyn Davis Theatre (Formerly Basement Theatre, B117)",Free,"School of Physics, University of Melbourne",222 followers,https://www.eventbrite.com.au/e/quantum-sensing-the-diamond-age-of-quantum-biotechnology-tickets-1381172487089?aff=ebdssbdestsearch,https://img.evbuc.com/https%3A%2F%2Fcdn.evbuc.com%2Fimages%2F1032219043%2F307010864089%2F1%2Foriginal.20250516-033231?w=512&auto=format%2Ccompress&q=75&sharp=10&rect=0%2C167%2C1920%2C960&s=b1157003422fee5aa1b95117928173c8,Quantum Sensing: The diamond age of quantum biotechnology primary image
44,Discover your next Assistive Technology at Our Open Day,"Sat, 21 June, 9:00 AM",57 Willandra Dr,Free,,,https://www.eventbrite.com.au/e/discover-your-next-assistive-technology-at-our-open-day-tickets-1365081197609?aff=ebdssbdestsearch,https://img.evbuc.com/https%3A%2F%2Fcdn.evbuc.com%2Fimages%2F1030418983%2F882999982643%2F1%2Foriginal.20250514-054603?w=512&auto=format%2Ccompress&q=75&sharp=10&rect=0%2C60%2C1920%2C960&s=6d96ccfc525707a96b7269ffb7b9a846,Discover your next Assistive Technology at Our Open Day primary image
45,Industry Innovation Series | Smart Farming Tech Transforming Agriculture,"Tue, 1 July, 5:00 PM",Digital Innovation Hub at La Trobe University,Free,La Trobe Industry,231 followers,https://www.eventbrite.com.au/e/industry-innovation-series-smart-farming-tech-transforming-agriculture-tickets-1317059152379?aff=ebdssbdestsearch,https://img.evbuc.com/https%3A%2F%2Fcdn.evbuc.com%2Fimages%2F1046275423%2F722047235273%2F1%2Foriginal.20250605-013309?h=230&w=460&auto=format%2Ccompress&q=75&sharp=10&rect=0%2C0%2C7500%2C3750&s=bb982b6118c0355325e9894aeee6dce8,Industry Innovation Series | Smart Farming Tech Transforming Agriculture primary image
46,"Airport West VIC - NDIS Collaboration, Networking & Knowledge Exchange","Wed, 13 Aug, 5:00 PM",Skyways Hotel,From $0.00,Wise Healthcare,285 followers,https://www.eventbrite.com.au/e/airport-west-vic-ndis-collaboration-networking-knowledge-exchange-tickets-1217257282299?aff=ebdssbdestsearch,https://img.evbuc.com/https%3A%2F%2Fcdn.evbuc.com%2Fimages%2F917973883%2F2287970783233%2F1%2Foriginal.20241216-051827?crop=focalpoint&fit=crop&h=230&w=460&auto=format%2Ccompress&q=75&sharp=10&fp-x=0.5&fp-y=0.5&s=3ffd63b2eb2bec9357d728d7f7529f6d,"Airport West VIC - NDIS Collaboration, Networking & Knowledge Exchange primary image"
47,ASSCR VIC EMCR Symposium,"Thu, 3 July, 9:00 AM",Learning and Teaching Building,From $0.00,ASSCR,83 followers,https://www.eventbrite.com.au/e/asscr-vic-emcr-symposium-tickets-1289072192629?aff=ebdssbdestsearch,https://img.evbuc.com/https%3A%2F%2Fcdn.evbuc.com%2Fimages%2F1000611603%2F489020539337%2F1%2Foriginal.20250404-012346?w=400&auto=format%2Ccompress&q=75&sharp=10&s=28d9dff5f9a8dbfb715b6e5b57276b84,ASSCR VIC EMCR Symposium primary image
48,.NET 9 Superpowers Tour - Melbourne,"Wed, 9 July, 9:00 AM",SSW Melbourne,From $99.00,,,https://www.eventbrite.com.au/e/net-9-superpowers-tour-melbourne-tickets-1098433296559?aff=ebdssbdestsearch,https://img.evbuc.com/https%3A%2F%2Fcdn.evbuc.com%2Fimages%2F908436813%2F55525066651%2F1%2Foriginal.20241129-034540?w=512&auto=format%2Ccompress&q=75&sharp=10&rect=0%2C0%2C2160%2C1080&s=7b67a84b8b8b4e29e594e2388f9ac2e8,.NET 9 Superpowers Tour - Melbourne primary image
49,Device Advice (Altona North),"Thu, 26 June, 10:00 am + 2 more",Altona North Community Library,Free,Hobsons Bay Libraries,1k followers,https://www.eventbrite.com.au/e/device-advice-altona-north-tickets-1288867550539?aff=ebdssbdestsearch,https://img.evbuc.com/https%3A%2F%2Fcdn.evbuc.com%2Fimages%2F720094139%2F418661600387%2F1%2Foriginal.20240315-045714?w=512&auto=format%2Ccompress&q=75&sharp=10&rect=0%2C93%2C5208%2C2604&s=bf8cfd33a5dd8a79db3ad77f2941e364,Device Advice (Altona North) primary image
50,"PURE - Principles of Balayage Look & Learn - Melbourne, VIC","Wed, 25 June, 1:30 PM",shibui,From $99.00,Pure - Hairjamm Pty Ltd,381 followers,https://www.eventbrite.com.au/e/pure-principles-of-balayage-look-learn-melbourne-vic-tickets-1253822259129?aff=ebdssbdestsearch,https://img.evbuc.com/https%3A%2F%2Fcdn.evbuc.com%2Fimages%2F899414383%2F1334925087983%2F1%2Foriginal.20241114-224141?crop=focalpoint&fit=crop&w=512&auto=format%2Ccompress&q=75&sharp=10&fp-x=0.5&fp-y=0.5&s=0ac40d3eda16417057a473ac2e148ddb,"PURE - Principles of Balayage Look & Learn - Melbourne, VIC primary image"
51,Digital Empowerment Workshop – Choosing a new mobile plan or device,"Fri, 25 July, 10:00 AM",Preston Library,Free,Darebin Libraries,2.9k followers,https://www.eventbrite.com.au/e/digital-empowerment-workshop-choosing-a-new-mobile-plan-or-device-tickets-1388962737939?aff=ebdssbdestsearch,https://img.evbuc.com/https%3A%2F%2Fcdn.evbuc.com%2Fimages%2F1042125283%2F29101596107%2F1%2Foriginal.20250530-052755?w=400&auto=format%2Ccompress&q=75&sharp=10&s=9f61b8d3e0f0de4947ac43a506c499f1,Digital Empowerment Workshop – Choosing a new mobile plan or device primary image
52,Metartworld - VR Theme Park Unlimited Pass,Tomorrow at 10:00 AM + 125 more,155 Boundary St,From $80.00,Metartworld,42 followers,https://www.eventbrite.com.au/e/metartworld-vr-theme-park-unlimited-pass-tickets-1080197312239?aff=ebdssbdestsearch,https://img.evbuc.com/https%3A%2F%2Fcdn.evbuc.com%2Fimages%2F896932713%2F1376676788273%2F1%2Foriginal.20241112-031824?w=512&auto=format%2Ccompress&q=75&sharp=10&rect=0%2C670%2C4032%2C2016&s=7843077f41e67bfc98f7acc15f9cf382,Metartworld - VR Theme Park Unlimited Pass primary image
53,MIG Workshop: Multivariate analysis for omics data integration (bulk),"Tue, 8 July, 9:30 AM",The Florey Institute of Neuroscience and Mental Health,From $27.78,Melbourne Integrative Genomics,108 followers,https://www.eventbrite.com/e/mig-workshop-multivariate-analysis-for-omics-data-integration-bulk-tickets-1246825952989?aff=ebdssbdestsearch,,
54,Quantum Computing: from Science Fiction to Powerful Technology,"Fri, 18 July, 6:00 PM","Glyn Davis Theatre (Formerly Basement Theatre, B117)",Free,"School of Physics, University of Melbourne",222 followers,https://www.eventbrite.com.au/e/quantum-computing-from-science-fiction-to-powerful-technology-tickets-1381175375729?aff=ebdssbdestsearch,https://img.evbuc.com/https%3A%2F%2Fcdn.evbuc.com%2Fimages%2F1032219043%2F307010864089%2F1%2Foriginal.20250516-033231?w=512&auto=format%2Ccompress&q=75&sharp=10&rect=0%2C167%2C1920%2C960&s=b1157003422fee5aa1b95117928173c8,Quantum Computing: from Science Fiction to Powerful Technology primary image
55,SciencePlay Kids STEM PD/PL for Primary and early secondary educators,"Tue, 17 June, 10:00 AM",SciencePlay Kids,From $348.85,SciencePlay Kids,314 followers,https://www.eventbrite.com.au/e/scienceplay-kids-stem-pdpl-for-primary-and-early-secondary-educators-tickets-987578833877?aff=ebdssbdestsearch,https://img.evbuc.com/https%3A%2F%2Fcdn.evbuc.com%2Fimages%2F824961269%2F192017177807%2F1%2Foriginal.20240812-030910?w=512&auto=format%2Ccompress&q=75&sharp=10&rect=0%2C52%2C920%2C460&s=0db46c67aee20220de3185c407e11cac,SciencePlay Kids STEM PD/PL for Primary and early secondary educators primary image
56,Introduction to phones,"Wed, 18 June, 10:00 AM",Laverton Community Hub,Free,Hobsons Bay Libraries,1k followers,https://www.eventbrite.com.au/e/introduction-to-phones-tickets-1362391482599?aff=ebdssbdestsearch,https://img.evbuc.com/https%3A%2F%2Fcdn.evbuc.com%2Fimages%2F1028318183%2F418661600387%2F1%2Foriginal.20250512-003337?crop=focalpoint&fit=crop&w=512&auto=format%2Ccompress&q=75&sharp=10&fp-x=0.5&fp-y=0.5&s=50f700c22814aaa7e911dd251e3f6ac5,Introduction to phones primary image
57,Maker Lab — Bargoonga Nganjin,Tomorrow at 4:00 PM + 2 more,"Bargoonga Nganjin, North Fitzroy Library",Free,Yarra Libraries,4.8k followers,https://www.eventbrite.com.au/e/maker-lab-bargoonga-nganjin-tickets-1142136965409?aff=ebdssbdestsearch,https://img.evbuc.com/https%3A%2F%2Fcdn.evbuc.com%2Fimages%2F930289843%2F122619786905%2F1%2Foriginal.20250108-053514?w=512&auto=format%2Ccompress&q=75&sharp=10&rect=0%2C0%2C600%2C300&s=71519d67ff994dbf9669e93945624bca,Maker Lab — Bargoonga Nganjin primary image
58,Digitisation Day,"Mon, 23 June, 10:00 am + 5 more",Fitzroy Library,Free,Yarra Libraries,4.8k followers,https://www.eventbrite.com.au/e/digitisation-day-tickets-1290935084589?aff=ebdssbdestsearch,https://img.evbuc.com/https%3A%2F%2Fcdn.evbuc.com%2Fimages%2F988205203%2F2094047335293%2F1%2Foriginal.20250320-024043?crop=focalpoint&fit=crop&w=512&auto=format%2Ccompress&q=75&sharp=10&fp-x=0.5&fp-y=0.5&s=87e9d8992ddb372c2a17d6c40e7f2288,Digitisation Day primary image
59,The Startup Network Presents: Pitch Night!,"Tue, 29 July, 6:00 PM",The Commons Gipps St,From $20.00,The Startup Network,3.9k followers,https://www.eventbrite.com.au/e/the-startup-network-presents-pitch-night-tickets-1089406116019?aff=ebdssbdestsearch,https://img.evbuc.com/https%3A%2F%2Fcdn.evbuc.com%2Fimages%2F902701163%2F198884491846%2F1%2Foriginal.20241120-024738?w=512&auto=format%2Ccompress&q=75&sharp=10&rect=0%2C0%2C2160%2C1080&s=9cc512ee1d8d5c792f554bf5462ff09a,The Startup Network Presents: Pitch Night! primary image
60,STEAM Club for Kids - Camberwell,"Mon, 21 July, 4:00 pm + 5 more",Camberwell Library,Free,Boroondara Libraries,3.5k followers,https://www.eventbrite.com.au/e/steam-club-for-kids-camberwell-tickets-1082681823479?aff=ebdssbdestsearch,https://img.evbuc.com/https%3A%2F%2Fcdn.evbuc.com%2Fimages%2F898614783%2F49100826570%2F1%2Foriginal.20241113-234242?w=300&auto=format%2Ccompress&q=75&sharp=10&s=7cb7a3b1d6503e0e1a034992b79051c9,STEAM Club for Kids - Camberwell primary image
61,De-mystifying AI in manufacturing!,"Fri, 11 July, 8:30 am + 1 more",Swinburne University of Technology,From $495.00,Factory of the Future @ Swinburne,373 followers,https://www.eventbrite.com.au/e/de-mystifying-ai-in-manufacturing-tickets-1354108939289?aff=ebdssbdestsearch,https://img.evbuc.com/https%3A%2F%2Fcdn.evbuc.com%2Fimages%2F980466203%2F317981690037%2F1%2Foriginal.20250311-033127?w=512&auto=format%2Ccompress&q=75&sharp=10&rect=1%2C0%2C2160%2C1080&s=81b60971ca1461e62fd0bb11bb7ef781,De-mystifying AI in manufacturing! primary image
62,"Soil Science Australia 70 year Celebration - Past, Present and Future","Fri, 4 July, 5:00 PM",The Royal Society of Victoria,From $6.61,Soil Science Australia Victoria Branch,58 followers,https://www.eventbrite.com.au/e/soil-science-australia-70-year-celebration-past-present-and-future-tickets-1352789863899?aff=ebdssbdestsearch,https://img.evbuc.com/https%3A%2F%2Fcdn.evbuc.com%2Fimages%2F1044307013%2F1537644741343%2F1%2Foriginal.20250602-224705?w=400&auto=format%2Ccompress&q=75&sharp=10&s=6d3424877c06fec8828ab13dbe541e46,"Soil Science Australia 70 year Celebration - Past, Present and Future primary image"
63,MPG 23rd Student Symposium,"Wed, 16 July, 9:00 AM",Bio21 Institute - David Penington Building,From $20.00,Melbourne Protein Group,26 followers,https://www.eventbrite.com.au/e/mpg-23rd-student-symposium-tickets-1285229348579?aff=ebdssbdestsearch,https://img.evbuc.com/https%3A%2F%2Fcdn.evbuc.com%2Fimages%2F983478833%2F308677608195%2F1%2Foriginal.20250314-004811?w=512&auto=format%2Ccompress&q=75&sharp=10&rect=723%2C657%2C1852%2C926&s=c1e98eaddeced89ca2390ef6937b49bb,MPG 23rd Student Symposium primary image
64,The Machine Stops,"Fri, 22 Aug, 7:30 pm + 6 more",Theatre Works,From $0.00,Theatre Works,735 followers,https://www.eventbrite.com.au/e/the-machine-stops-tickets-1110782302769?aff=ebdssbdestsearch,https://img.evbuc.com/https%3A%2F%2Fcdn.evbuc.com%2Fimages%2F915211033%2F1263684661513%2F1%2Foriginal.20241210-214417?crop=focalpoint&fit=crop&w=512&auto=format%2Ccompress&q=75&sharp=10&fp-x=0.478723404255&fp-y=0.596610169492&s=f015dadc89aa87b7ff470ce2231d055d,The Machine Stops primary image
65,Creating Successful Futures - The Alliance for Better Childcare Development,"Wed, 13 Aug, 9:00 AM",700 Bourke St,From $530.00,Smart Planning and Design,37 followers,https://www.eventbrite.com.au/e/creating-successful-futures-the-alliance-for-better-childcare-development-tickets-1108884877519?aff=ebdssbdestsearch,https://img.evbuc.com/https%3A%2F%2Fcdn.evbuc.com%2Fimages%2F993913983%2F203971382556%2F1%2Foriginal.20250327-050908?w=512&auto=format%2Ccompress&q=75&sharp=10&rect=0%2C0%2C2160%2C1080&s=3d3a3b41c1ba67053226b3a7a90efd5d,Creating Successful Futures - The Alliance for Better Childcare Development primary image
66,Skills Development Training Program,Wednesday at 10:30 AM,Swinburne University of Technology,Free,,,https://www.eventbrite.com.au/e/skills-development-training-program-tickets-1392024505769?aff=ebdssbdestsearch,https://img.evbuc.com/https%3A%2F%2Fcdn.evbuc.com%2Fimages%2F1043540383%2F2789158926731%2F1%2Foriginal.png?w=512&auto=format%2Ccompress&q=75&sharp=10&rect=0%2C0%2C940%2C470&s=199f06006415f469307f2246af74659f,Skills Development Training Program primary image
67,Industry Innovation Series | Smart Farming Tech Transforming Agriculture,"Tue, 1 July, 5:00 PM",Digital Innovation Hub at La Trobe University,Free,La Trobe Industry,231 followers,https://www.eventbrite.com.au/e/industry-innovation-series-smart-farming-tech-transforming-agriculture-tickets-1317059152379?aff=ebdssbdestsearch,https://img.evbuc.com/https%3A%2F%2Fcdn.evbuc.com%2Fimages%2F1046275423%2F722047235273%2F1%2Foriginal.20250605-013309?h=230&w=460&auto=format%2Ccompress&q=75&sharp=10&rect=0%2C0%2C7500%2C3750&s=bb982b6118c0355325e9894aeee6dce8,Industry Innovation Series | Smart Farming Tech Transforming Agriculture primary image
68,"Airport West VIC - NDIS Collaboration, Networking & Knowledge Exchange","Wed, 13 Aug, 5:00 PM",Skyways Hotel,From $0.00,Wise Healthcare,285 followers,https://www.eventbrite.com.au/e/airport-west-vic-ndis-collaboration-networking-knowledge-exchange-tickets-1217257282299?aff=ebdssbdestsearch,https://img.evbuc.com/https%3A%2F%2Fcdn.evbuc.com%2Fimages%2F917973883%2F2287970783233%2F1%2Foriginal.20241216-051827?crop=focalpoint&fit=crop&h=230&w=460&auto=format%2Ccompress&q=75&sharp=10&fp-x=0.5&fp-y=0.5&s=3ffd63b2eb2bec9357d728d7f7529f6d,"Airport West VIC - NDIS Collaboration, Networking & Knowledge Exchange primary image"
69,Melbourne Tech Mixer and Social (Tech / AI / Data) ✨,Friday at 5:30 PM + 48 more,215 Queen's Restaurant and Bar,From $6.61,,,https://www.eventbrite.com.au/e/melbourne-tech-mixer-and-social-tech-ai-data-tickets-1375363823219?aff=ebdssbdestsearch,https://img.evbuc.com/https%3A%2F%2Fcdn.evbuc.com%2Fimages%2F1036547213%2F188149727845%2F1%2Foriginal.20250522-073843?w=512&auto=format%2Ccompress&q=75&sharp=10&rect=0%2C3%2C940%2C470&s=be1feb4cf5f9935a488f744061181f7f,Melbourne Tech Mixer and Social (Tech / AI / Data) ✨ primary image
70,"Sound of Being Journey: Breathwork, Mantra, Meditation & Sound Healing.","Sun, 6 July, 6:30 PM",Centre of You,From $49.34,Centre of You,2.4k followers,https://www.eventbrite.com.au/e/sound-of-being-journey-breathwork-mantra-meditation-sound-healing-tickets-1347382189399?aff=ebdssbdestsearch,https://img.evbuc.com/https%3A%2F%2Fcdn.evbuc.com%2Fimages%2F1024148473%2F2549522613091%2F1%2Foriginal.20250506-091532?crop=focalpoint&fit=crop&w=512&auto=format%2Ccompress&q=75&sharp=10&fp-x=0.005&fp-y=0.005&s=3752dd5bd848c2c14e0c6a5b51f436f6,"Sound of Being Journey: Breathwork, Mantra, Meditation & Sound Healing. primary image"
71,Generative Artificial Intelligence and Privacy in Research,"Wed, 18 June, 12:00 PM",Deakin Downtown,Free,Researcher Development Academy,348 followers,https://www.eventbrite.com.au/e/generative-artificial-intelligence-and-privacy-in-research-tickets-1370593464949?aff=ebdssbdestsearch,https://img.evbuc.com/https%3A%2F%2Fcdn.evbuc.com%2Fimages%2F1033751973%2F201416060643%2F1%2Foriginal.20250519-060528?w=512&auto=format%2Ccompress&q=75&sharp=10&rect=0%2C206%2C1000%2C500&s=b5fec919b0c1c760bade4f4d45df8d9b,Generative Artificial Intelligence and Privacy in Research primary image
72,Quantum Century: Unlocking the Universe’s Secrets and Shaping our Future,"Fri, 25 July, 6:00 PM","Glyn Davis Theatre (Formerly Basement Theatre, B117)",Free,"School of Physics, University of Melbourne",222 followers,https://www.eventbrite.com.au/e/quantum-century-unlocking-the-universes-secrets-and-shaping-our-future-tickets-1365194366099?aff=ebdssbdestsearch,https://img.evbuc.com/https%3A%2F%2Fcdn.evbuc.com%2Fimages%2F1032219043%2F307010864089%2F1%2Foriginal.20250516-033231?w=512&auto=format%2Ccompress&q=75&sharp=10&rect=0%2C167%2C1920%2C960&s=b1157003422fee5aa1b95117928173c8,Quantum Century: Unlocking the Universe’s Secrets and Shaping our Future primary image
73,Coding For Fun,"Sun, 6 July, 1:00 pm + 1 more",State Library Victoria,Free,Coding For Fun,22 followers,https://www.eventbrite.com/e/coding-for-fun-tickets-965567106207?aff=ebdssbdestsearch,https://img.evbuc.com/https%3A%2F%2Fcdn.evbuc.com%2Fimages%2F816835729%2F25731561851%2F1%2Foriginal.20240730-041012?w=512&auto=format%2Ccompress&q=75&sharp=10&rect=0%2C387%2C768%2C384&s=ce9656b1fe2bd1ef336986e0fb740eaa,Coding For Fun primary image
74,Time Management Training Course (Melbourne),"Wed, 27 Aug, 9:00 am + 1 more",Karstens Melbourne,From $790.00,Aptitude Management,126 followers,https://www.eventbrite.com.au/e/time-management-training-course-melbourne-tickets-1112144587399?aff=ebdssbdestsearch,https://img.evbuc.com/https%3A%2F%2Fcdn.evbuc.com%2Fimages%2F916027923%2F440910231198%2F1%2Foriginal.20241212-003304?w=512&auto=format%2Ccompress&q=75&sharp=10&rect=0%2C0%2C940%2C470&s=9fecc1bbb3794cee72bb32b57beb82f6,Time Management Training Course (Melbourne) primary image
75,AI in Action: Essential Skills for PR & Communications Professionals,"Wed, 25 June, 8:30 AM",Telum Media (via WeWork),From $348.96,Telum Media Limited,210 followers,https://www.eventbrite.com.au/e/ai-in-action-essential-skills-for-pr-communications-professionals-tickets-1392043643009?aff=ebdssbdestsearch,https://img.evbuc.com/https%3A%2F%2Fcdn.evbuc.com%2Fimages%2F1043554223%2F887854941113%2F1%2Foriginal.20250602-023531?w=512&auto=format%2Ccompress&q=75&sharp=10&rect=0%2C0%2C2160%2C1080&s=489d3554ccfd4acea852083f9db7f3d4,AI in Action: Essential Skills for PR & Communications Professionals primary image
76,Aged & Disability Expo Melbourne,Friday at 9:00 AM,Springvale City Hall,Free,Disability Expo Australia,719 followers,https://www.eventbrite.com.au/e/aged-disability-expo-melbourne-tickets-1119486126139?aff=ebdssbdestsearch,https://img.evbuc.com/https%3A%2F%2Fcdn.evbuc.com%2Fimages%2F920785923%2F1954054044243%2F1%2Foriginal.20241220-035528?w=283&auto=format%2Ccompress&q=75&sharp=10&s=ea465573356ac779f402c54feec000ca,Aged & Disability Expo Melbourne primary image
77,ACBC Australia-China Health Summit 2025,"Wed, 16 July, 12:00 PM",Gadens,From $101.76,Australia China Business Council Victoria,953 followers,https://www.eventbrite.com.au/e/acbc-australia-china-health-summit-2025-tickets-1358002765829?aff=ebdssbdestsearch,https://img.evbuc.com/https%3A%2F%2Fcdn.evbuc.com%2Fimages%2F1030239873%2F12805345317%2F1%2Foriginal.20250513-230615?w=512&auto=format%2Ccompress&q=75&sharp=10&rect=0%2C0%2C3780%2C1890&s=2c44169a30852cbab52627597b911487,ACBC Australia-China Health Summit 2025 primary image
78,Metaverse 101 | Melbourne,"Tue, 1 July, 3:00 pm + 8 more",Melbourne,From $599.00,Blockchain Smart Solutions,262 followers,https://www.eventbrite.com.au/e/metaverse-101-melbourne-tickets-336915121197?aff=ebdssbdestsearch,https://img.evbuc.com/https%3A%2F%2Fcdn.evbuc.com%2Fimages%2F281671679%2F952210770403%2F1%2Foriginal.20220509-080849?w=512&auto=format%2Ccompress&q=75&sharp=10&rect=0%2C0%2C1200%2C600&s=67c09f66a6c13ce2b0f9504349dbd7af,Metaverse 101 | Melbourne primary image
79,Doing Interdisciplinarity: 6 years of the Science and Society Network (SSN),"Tue, 8 July, 1:00 PM",Deakin Downtown,Free,Deakin Science and Society Network,310 followers,https://www.eventbrite.com.au/e/doing-interdisciplinarity-6-years-of-the-science-and-society-network-ssn-tickets-1296390933179?aff=ebdssbdestsearch,https://img.evbuc.com/https%3A%2F%2Fcdn.evbuc.com%2Fimages%2F991796913%2F266135028231%2F1%2Foriginal.20250325-014906?w=512&auto=format%2Ccompress&q=75&sharp=10&rect=0%2C0%2C2160%2C1080&s=2c94c9867974316f012cdee4779b0132,Doing Interdisciplinarity: 6 years of the Science and Society Network (SSN) primary image
80,AI Foundations for Humans – 4-Week Practical & Ethical Intro Course,"Mon, 16 June, 7:45 pm + 3 more",Rubix Warehouse,From $128.37,Rubix,249 followers,https://www.eventbrite.com.au/e/ai-foundations-for-humans-4-week-practical-ethical-intro-course-tickets-1375994349139?aff=ebdssbdestsearch,https://img.evbuc.com/https%3A%2F%2Fcdn.evbuc.com%2Fimages%2F1036738993%2F748960085663%2F1%2Foriginal.20250522-133642?w=512&auto=format%2Ccompress&q=75&sharp=10&rect=0%2C0%2C2160%2C1080&s=3b22ce868dc601f9388ed23c3fad3b46,AI Foundations for Humans – 4-Week Practical & Ethical Intro Course primary image
81,Electrify Your Life - Electrification Masterclass - in person,Thursday at 9:25 AM,Doncaster Library,Free,Environment and sustainability,193 followers,https://www.eventbrite.com.au/e/electrify-your-life-electrification-masterclass-in-person-tickets-1128398483239?aff=ebdssbdestsearch,https://img.evbuc.com/https%3A%2F%2Fcdn.evbuc.com%2Fimages%2F925282863%2F2024267300503%2F1%2Foriginal.20241231-040702?w=512&auto=format%2Ccompress&q=75&sharp=10&rect=0%2C325%2C1300%2C650&s=0861daf6239176891828b2fc7584d7b1,Electrify Your Life - Electrification Masterclass - in person primary image
82,THE SOFT MACHINE PRESENTS: FLESH RITUALS & SIREN SONGS III Rites of Winter,"Sat, 21 June, 7:00 PM",Stay Gold,From $25.00,Stay Gold,182 followers,https://www.eventbrite.com.au/e/the-soft-machine-presents-flesh-rituals-siren-songs-iii-rites-of-winter-tickets-1329225462139?aff=ebdssbdestsearch,https://img.evbuc.com/https%3A%2F%2Fcdn.evbuc.com%2Fimages%2F1010914763%2F2336003917913%2F1%2Foriginal.20250417-011025?crop=focalpoint&fit=crop&w=512&auto=format%2Ccompress&q=75&sharp=10&fp-x=0.5&fp-y=0.5&s=8446acd04b6990a73ff026590f93705e,THE SOFT MACHINE PRESENTS: FLESH RITUALS & SIREN SONGS III Rites of Winter primary image
83,Electrify Your Life - Electrification Masterclass - in person - weekend,"Sat, 21 June, 12:55 PM",Doncaster Library,Free,Environment and sustainability,193 followers,https://www.eventbrite.com.au/e/electrify-your-life-electrification-masterclass-in-person-weekend-tickets-1131479909869?aff=ebdssbdestsearch,https://img.evbuc.com/https%3A%2F%2Fcdn.evbuc.com%2Fimages%2F928210173%2F2024267300503%2F1%2Foriginal.20250106-000645?w=512&auto=format%2Ccompress&q=75&sharp=10&rect=0%2C162%2C1300%2C650&s=7ea2896c615d8d7ed4db5651e178e0fa,Electrify Your Life - Electrification Masterclass - in person - weekend primary image
84,Parenting Talk – Managing Screen Time - In Person and  Online,"Wed, 18 June, 6:30 PM",Williams Landing Library Lounge,Free,Wyndham City Libraries,3.3k followers,https://www.eventbrite.com.au/e/parenting-talk-managing-screen-time-in-person-and-online-tickets-1266668131479?aff=ebdssbdestsearch,https://img.evbuc.com/https%3A%2F%2Fcdn.evbuc.com%2Fimages%2F973263033%2F441640858034%2F1%2Foriginal.20250303-001315?w=512&auto=format%2Ccompress&q=75&sharp=10&rect=0%2C129%2C600%2C300&s=62f9ff3bcd33f4898109d3dbe46bfc63,Parenting Talk – Managing Screen Time - In Person and  Online primary image
85,Cyber Attack and Scam Awareness Training,"Tue, 7 Oct, 10:00 AM",Melbourne,From $525.44,Paramount Training & Development,385 followers,https://www.eventbrite.com.au/e/cyber-attack-and-scam-awareness-training-tickets-886596342527?aff=ebdssbdestsearch,https://img.evbuc.com/https%3A%2F%2Fcdn.evbuc.com%2Fimages%2F748116319%2F161392129666%2F1%2Foriginal.20240420-030624?w=512&auto=format%2Ccompress&q=75&sharp=10&rect=0%2C221%2C4894%2C2447&s=bf2e946994a6fe1df020c4333369f191,Cyber Attack and Scam Awareness Training primary image
86,Curiosity Crew - Lego WeDo,Thursday at 4:00 PM + 3 more,Glenroy Library,Free,Merri-bek Libraries,3.4k followers,https://www.eventbrite.com.au/e/curiosity-crew-lego-wedo-tickets-1319763862239?aff=ebdssbdestsearch,https://img.evbuc.com/https%3A%2F%2Fcdn.evbuc.com%2Fimages%2F486761489%2F2947365139%2F1%2Foriginal.20230406-095354?w=512&auto=format%2Ccompress&q=75&sharp=10&rect=0%2C23%2C968%2C484&s=e8a3e230ec56f1b97eaa7a2b9743c3ca,Curiosity Crew - Lego WeDo primary image
87,Crypto Foundations: A Beginner’s Guide to Smart Investing - 4 Week Workshop,"Mon, 16 June, 6:00 pm + 3 more",Rubix Warehouse,From $128.37,Rubix,249 followers,https://www.eventbrite.com.au/e/crypto-foundations-a-beginners-guide-to-smart-investing-4-week-workshop-tickets-1369568348799?aff=ebdssbdestsearch,https://img.evbuc.com/https%3A%2F%2Fcdn.evbuc.com%2Fimages%2F1032965133%2F748960085663%2F1%2Foriginal.20250517-061823?w=355&auto=format%2Ccompress&q=75&sharp=10&s=ef2c3d4611c034135dcfe0c581856e92,Crypto Foundations: A Beginner’s Guide to Smart Investing - 4 Week Workshop primary image
88,How to Make Instagram Reels with Edits – For Beginners,"Tue, 1 July, 9:00 AM",Studio on Hampton,From $159.35,,,https://www.eventbrite.com.au/e/how-to-make-instagram-reels-with-edits-for-beginners-tickets-1364917136899?aff=ebdssbdestsearch,https://img.evbuc.com/https%3A%2F%2Fcdn.evbuc.com%2Fimages%2F1030233693%2F525016533755%2F1%2Foriginal.20250513-111251?w=512&auto=format%2Ccompress&q=75&sharp=10&rect=0%2C60%2C1920%2C960&s=52f591457ff945f6e77fc885f68db9fe,How to Make Instagram Reels with Edits – For Beginners primary image
89,Experience Days: Design and Architecture,"Wed, 9 July, 10:00 AM","Monash Art, Design and Architecture",Free,"Monash University Art, Design and Architecture",1.2k followers,https://www.eventbrite.com.au/e/experience-days-design-and-architecture-tickets-1220273122759?aff=ebdssbdestsearch,https://img.evbuc.com/https%3A%2F%2Fcdn.evbuc.com%2Fimages%2F943535883%2F252273369117%2F1%2Foriginal.20250124-032830?w=300&auto=format%2Ccompress&q=75&sharp=10&s=b6bdb9f1b442ec39088e6f8fd701c765,Experience Days: Design and Architecture primary image
90,Siemens  POST Purchase Cooking Demo,"Sat, 21 June, 1:30 PM",e&s Blackburn,Free,e&s Blackburn: Cooking Demonstrations,125 followers,https://www.eventbrite.com.au/e/siemens-post-purchase-cooking-demo-tickets-1353024886859?aff=ebdssbdestsearch,https://img.evbuc.com/https%3A%2F%2Fcdn.evbuc.com%2Fimages%2F1023162923%2F96998657709%2F1%2Foriginal.20230317-000515?w=512&auto=format%2Ccompress&q=75&sharp=10&rect=0%2C0%2C2160%2C1080&s=cfcba54d35c29eba8c25c2f730a296c1,Siemens  POST Purchase Cooking Demo primary image
91,ASKO POST Purchase Cooking Demo,"Sat, 21 June, 1:30 PM",e&s Preston,Free,e&s Preston: Cooking Demonstrations,360 followers,https://www.eventbrite.com.au/e/asko-post-purchase-cooking-demo-tickets-1353026080429?aff=ebdssbdestsearch,https://img.evbuc.com/https%3A%2F%2Fcdn.evbuc.com%2Fimages%2F1023166453%2F96998657709%2F1%2Foriginal.20230315-054331?w=512&auto=format%2Ccompress&q=75&sharp=10&rect=0%2C0%2C2160%2C1080&s=5a25dc3a7e6af09fb8b20f2a44f8eca9,ASKO POST Purchase Cooking Demo primary image
92,ASKO POST Purchase Cooking Demo,"Fri, 20 June, 1:30 PM",e&s Essendon,Free,e&s Essendon: Cooking Demonstrations,187 followers,https://www.eventbrite.com.au/e/asko-post-purchase-cooking-demo-tickets-1353022750469?aff=ebdssbdestsearch,https://img.evbuc.com/https%3A%2F%2Fcdn.evbuc.com%2Fimages%2F1023158773%2F96998657709%2F1%2Foriginal.20230317-001557?w=512&auto=format%2Ccompress&q=75&sharp=10&rect=0%2C0%2C2160%2C1080&s=4f4c1b23d2064706c9f5890a165bbf8c,ASKO POST Purchase Cooking Demo primary image
93,ASKO POST Purchase Cooking Demo,Friday at 1:30 PM,e&s Blackburn,Free,e&s Blackburn: Cooking Demonstrations,125 followers,https://www.eventbrite.com.au/e/asko-post-purchase-cooking-demo-tickets-1352951567559?aff=ebdssbdestsearch,https://img.evbuc.com/https%3A%2F%2Fcdn.evbuc.com%2Fimages%2F1023110613%2F96998657709%2F1%2Foriginal.20230317-000515?w=512&auto=format%2Ccompress&q=75&sharp=10&rect=0%2C0%2C2160%2C1080&s=94506b45dd3ee2525d9b81736f5486aa,ASKO POST Purchase Cooking Demo primary image
94,NEFF POST Purchase Cooking Demo,Saturday at 1:30 PM,e&s Essendon,Free,e&s Essendon: Cooking Demonstrations,187 followers,https://www.eventbrite.com.au/e/neff-post-purchase-cooking-demo-tickets-1352966642649?aff=ebdssbdestsearch,https://img.evbuc.com/https%3A%2F%2Fcdn.evbuc.com%2Fimages%2F1023121483%2F96998657709%2F1%2Foriginal.20230317-001310?w=512&auto=format%2Ccompress&q=75&sharp=10&rect=0%2C0%2C2160%2C1080&s=c704cd5ab9ced331573686032fa17246,NEFF POST Purchase Cooking Demo primary image
95,AEG POST Purchase Cooking Demo,Saturday at 1:30 PM,e&s Blackburn,Free,e&s Blackburn: Cooking Demonstrations,125 followers,https://www.eventbrite.com.au/e/aeg-post-purchase-cooking-demo-tickets-1352960253539?aff=ebdssbdestsearch,https://img.evbuc.com/https%3A%2F%2Fcdn.evbuc.com%2Fimages%2F1023118473%2F96998657709%2F1%2Foriginal.20230317-001322?w=512&auto=format%2Ccompress&q=75&sharp=10&rect=0%2C0%2C2160%2C1080&s=e9a89bec07cf0e8c24aba170c848464a,AEG POST Purchase Cooking Demo primary image
96,Siemens POST Purchase Cooking Demo,Friday at 1:30 PM,e&s Essendon,Free,e&s Essendon: Cooking Demonstrations,187 followers,https://www.eventbrite.com.au/e/siemens-post-purchase-cooking-demo-tickets-1352956371929?aff=ebdssbdestsearch,https://img.evbuc.com/https%3A%2F%2Fcdn.evbuc.com%2Fimages%2F1023114293%2F96998657709%2F1%2Foriginal.20230317-001557?w=512&auto=format%2Ccompress&q=75&sharp=10&rect=0%2C0%2C2160%2C1080&s=c4e36778e0cc15cc319d62e550f34968,Siemens POST Purchase Cooking Demo primary image
97,AEG POST Purchase Cooking Demo,Thursday at 1:30 PM,e&s Moorabbin,Free,e&s Moorabbin: Cooking Demonstrations,247 followers,https://www.eventbrite.com.au/e/aeg-post-purchase-cooking-demo-tickets-1352951126239?aff=ebdssbdestsearch,https://img.evbuc.com/https%3A%2F%2Fcdn.evbuc.com%2Fimages%2F1023108973%2F96998657709%2F1%2Foriginal.20230317-001316?w=512&auto=format%2Ccompress&q=75&sharp=10&rect=0%2C0%2C2160%2C1080&s=35269db014699a690f691bdeb1d56d79,AEG POST Purchase Cooking Demo primary image
98,Smeg Cooking Demonstration,Saturday at 1:00 PM,e&s Hawthorn,Free,e&s Hawthorn: Cooking Demonstrations,10 followers,https://www.eventbrite.com.au/e/smeg-cooking-demonstration-tickets-1352971216329?aff=ebdssbdestsearch,https://img.evbuc.com/https%3A%2F%2Fcdn.evbuc.com%2Fimages%2F469247129%2F96998657709%2F1%2Foriginal.20230315-030231?w=400&auto=format%2Ccompress&q=75&sharp=10&s=65be9fce461a4f78b8631e03ab8a2705,Smeg Cooking Demonstration primary image
99,"DAVINES - Discover A New Colour Theory Workshop - Melbourne, VIC","Wed, 9 July, 1:30 PM",Czar Workspace - Office Space & Coworking,Free,Davines Australia - Hairjamm Pty Ltd,187 followers,https://www.eventbrite.com.au/e/davines-discover-a-new-colour-theory-workshop-melbourne-vic-tickets-1253991294719?aff=ebdssbdestsearch,https://img.evbuc.com/https%3A%2F%2Fcdn.evbuc.com%2Fimages%2F962170223%2F1334925087983%2F1%2Foriginal.20250217-051724?crop=focalpoint&fit=crop&w=512&auto=format%2Ccompress&q=75&sharp=10&fp-x=5e-05&fp-y=5e-05&s=9ebdb624562c0a9c1c6e9999c1214753,"DAVINES - Discover A New Colour Theory Workshop - Melbourne, VIC primary image"
100,Bosch eBike Systems MY25 Dealer Training - Melbourne,Tomorrow at 10:00 AM + 1 more,Robert Bosch (Australia) Pty. Ltd.,Free,Bosch eBike Systems Australia,97 followers,https://www.eventbrite.com.au/e/bosch-ebike-systems-my25-dealer-training-melbourne-tickets-1302651007229?aff=ebdssbdestsearch,https://img.evbuc.com/https%3A%2F%2Fcdn.evbuc.com%2Fimages%2F998484473%2F591474912583%2F1%2Foriginal.20250402-011947?w=512&auto=format%2Ccompress&q=75&sharp=10&rect=0%2C0%2C1398%2C699&s=a920223deb24a6e53da5702bed57636b,Bosch eBike Systems MY25 Dealer Training - Melbourne primary image